USE [AUTOMATION 2]
DELETE FROM CAR_PACKAGE
DELETE FROM CAR_OPTION
DELETE FROM P_OPTION
DELETE FROM MODEL_PACKAGE
DELETE FROM SALE
DELETE FROM SALESPERSON
DELETE FROM CUSTOMER
DELETE FROM M_OPTIONS
DELETE FROM OPTIONS
DELETE FROM CAR
DELETE FROM MODEL

INSERT INTO MODEL VALUES
	(1,'ASTRA','OPEL',64500),
	(2,'FIORINO','FIAT',26050),
	(3,'CLIO','RENAULT',31100),
	(4,'ACCENT BLUE','HYUNDAI',45000);
INSERT INTO CAR VALUES
	('111111111',1),
	('123123123',1),
	('222222222',2),
	('234234234',2),
	('333333333',3),
	('345345345',3),
	('444444444',4);

INSERT INTO OPTIONS VALUES
	(100,'Cam Flimi',79),
	(200,'Cam Flimi',69),
	(300,'Cam Flimi',75),
	(101,'Deri Koltuk',1500),
	(201,'Deri Koltuk',1400),
	(301,'Deri Koltuk',1450),
	(102,'Çelik Jant',3500),
	(202,'Çelik Jant',2000),
	(302,'Çelik Jant',2500),
	(103,'Hava Yastýðý',3700),
	(203,'Hava Yastýðý',2900),
	(303,'Hava Yastýðý',3100),
	(104,'Alarm',550),
	(204,'Alarm',400),
	(304,'Alarm',450),
	(105,'Sis Farlarý',350),
	(205,'Sis Farlarý',200),
	(305,'Sis Farlarý',250),
	(106,'Park Sensorleri',1000),
	(206,'Park Sensorleri',850),
	(306,'Park Sensorleri',870),
	(400,'Park Sensorleri',925);

INSERT INTO M_OPTIONS VALUES
	(1,100),
	(1,101),
	(1,102),
	(1,103),
	(1,104),
	(1,105),
	(1,106),
	(2,200),
	(2,201),
	(2,202),
	(2,203),
	(2,204),
	(2,205),
	(2,206),
	(3,300),
	(3,301),
	(3,302),
	(3,303),
	(3,304),
	(3,305),
	(3,306),
	(4,400);

INSERT INTO CUSTOMER VALUES
	('5000','Abdullah','Pekmez'),
	('5001','Ali','Kaya'),
	('5002','Zeynep','Yýlmaz');


INSERT INTO SALESPERSON VALUES
	('400','Gulbahar','Liman',null,'3136313'),
	('500','Muhammed','	Tekdemir',null,'6328282');

INSERT INTO MODEL_PACKAGE VALUES(1,1000,null);
INSERT INTO MODEL_PACKAGE VALUES(1,1001,null);
INSERT INTO MODEL_PACKAGE VALUES(1,1002,null);
INSERT INTO MODEL_PACKAGE VALUES(1,1003,null);
INSERT INTO MODEL_PACKAGE VALUES(2,2000,null);
INSERT INTO MODEL_PACKAGE VALUES(2,2001,null);
INSERT INTO MODEL_PACKAGE VALUES(3,3000,null);
INSERT INTO MODEL_PACKAGE VALUES(3,3001,null);

INSERT INTO P_OPTION VALUES (1,1000,100);
INSERT INTO P_OPTION VALUES	(1,1000,104);
INSERT INTO P_OPTION VALUES	(1,1000,105);
INSERT INTO P_OPTION VALUES	(1,1000,106);

INSERT INTO P_OPTION VALUES (1,1001,101);
INSERT INTO P_OPTION VALUES	(1,1001,102);
INSERT INTO P_OPTION VALUES	(1,1001,103);

INSERT INTO P_OPTION VALUES (1,1002,101);
INSERT INTO P_OPTION VALUES (1,1002,104);

--INSERT INTO P_OPTION VALUES (1,1003,104);

INSERT INTO P_OPTION VALUES (2,2000,200);
INSERT INTO P_OPTION VALUES	(2,2000,204);
INSERT INTO P_OPTION VALUES	(2,2000,205);
INSERT INTO P_OPTION VALUES	(2,2000,206);

INSERT INTO P_OPTION VALUES (2,2001,201);
INSERT INTO P_OPTION VALUES	(2,2001,202);
INSERT INTO P_OPTION VALUES	(2,2001,203);

INSERT INTO P_OPTION VALUES (3,3000,300);
INSERT INTO P_OPTION VALUES	(3,3000,304);
INSERT INTO P_OPTION VALUES	(3,3000,305);
INSERT INTO P_OPTION VALUES	(3,3000,306);

INSERT INTO P_OPTION VALUES (3,3001,301);
INSERT INTO P_OPTION VALUES	(3,3001,302);
INSERT INTO P_OPTION VALUES	(3,3001,303);

INSERT INTO SALE (SPID,SerialNO,CustomerID,SDate) VALUES ('400','333333333','5002',null);
INSERT INTO SALE (SPID,SerialNO,CustomerID,SDate) VALUES ('400','222222222','5001',null);
--INSERT INTO SALE (SPID,SerialNO,CustomerID,SDate) VALUES ('500','222222222','5002',null); --AYNI ARAÇ BÝR DAHA SATILAMAZ
INSERT INTO SALE (SPID,SerialNO,CustomerID,SDate) VALUES ('500','111111111','5000',null);
INSERT INTO SALE (SPID,SerialNO,CustomerID,SDate) VALUES ('400','345345345','5000',null);

INSERT INTO CAR_PACKAGE VALUES('111111111',1000,1);
INSERT INTO CAR_PACKAGE VALUES('111111111',1001,1);
--INSERT INTO CAR_PACKAGE VALUES('111111111',1002,1); --AYNI OPSÝYON ÝÇEREN BAÞKA PAKET EKLEME
--INSERT INTO CAR_OPTION VALUES('111111111',101,1); --ARAÇTA VAR OLAN OPSÝYON EKLEME

INSERT INTO CAR_OPTION VALUES('222222222',201,2);
INSERT INTO CAR_OPTION VALUES('222222222',202,2);
INSERT INTO CAR_PACKAGE VALUES('222222222',2000,2);
--INSERT INTO CAR_PACKAGE VALUES('222222222',2001,2); --PAKETTE BULUNAN OPSÝYON mevcut

INSERT INTO CAR_PACKAGE VALUES('333333333',3000,3);
--INSERT INTO CAR_OPTION VALUES('333333333',202,2); --SERÝALNO MODELNO UYUÞMAZLIÐI
--INSERT INTO CAR_PACKAGE VALUES('333333333',2000,2); --SERÝALNO MODELNO UYUÞMAZLIÐI

INSERT INTO CAR_PACKAGE VALUES('345345345',3001,3);

SELECT * FROM SALE
SELECT * FROM OPTIONOFCARPACKAGE